{
	"name": "darkmattersheet",
	"title": "Dark Matter Sheet",
	"description": "A private module to provide character sheet support for the Dark Matter setting.",

	"esmodules": [
        "./src/darkmatter.js"
    ],
    "styles": [
        "./styles/darkmatter.css"
    ],

	"system": "dnd5e",
	"author": "Parker (sparkcities#2000)",
	"version": "1.1",
	"minimumCoreVersion": "0.6.5",
	"compatibleCoreVersion": "0.6.6",
	"url": "https://github.com/sparkcity/darkmattersheet",
	"manifest": "https://raw.githubusercontent.com/sparkcity/darkmattersheet/master/module.json",
	"download": "https://github.com/sparkcity/darkmattersheet/raw/master/module.zip",
	"readme": ""
  }